{
  "__version__": "1.0.0",
  "current-scene": "c178167b-bca1-4815-9e0b-d0e59c09fd7f",
  "gizmos-infos": {
    "gridColor": [
      150,
      150,
      150,
      255
    ],
    "gridVisible": true,
    "iconGizmoSize": 2,
    "iconSize": 2,
    "is2D": false,
    "is3DIcon": false,
    "isGridVisible": true,
    "isIconGizmo3D": false
  },
  "float-window": {
    "position": {
      "cc": {
        "Camera": {
          "bottom": 10,
          "dock": false,
          "left": null,
          "right": 10,
          "top": null
        }
      }
    }
  },
  "camera-infos": {
    "c178167b-bca1-4815-9e0b-d0e59c09fd7f": {
      "position": {
        "x": 494.07638990789115,
        "y": 271.4978492427853,
        "z": 1424.465617239097
      },
      "rotation": {
        "w": 0.9998430057756604,
        "x": 0.017016248955532023,
        "y": 0.004940040760316157,
        "z": -0.00008407416012579238
      },
      "viewCenter": {
        "x": 480,
        "y": 320,
        "z": 0
      }
    },
    "f46876e4-e81b-4931-b493-6d367be385e7": {
      "position": {
        "x": 0,
        "y": 0,
        "z": 1000
      },
      "rotation": {
        "w": 1,
        "x": 0,
        "y": 0,
        "z": 0
      },
      "viewCenter": {
        "x": 0,
        "y": 0,
        "z": 0
      }
    }
  },
  "camera-uuids": [
    "c178167b-bca1-4815-9e0b-d0e59c09fd7f"
  ]
}
