[
  {
    "__type__": "cc.Prefab",
    "_name": "",
    "_objFlags": 0,
    "_native": "",
    "data": {
      "__id__": 1
    },
    "optimizationPolicy": 0,
    "asyncLoadAssets": false
  },
  {
    "__type__": "cc.Node",
    "_name": "VideoPlayer",
    "_objFlags": 0,
    "_parent": null,
    "_children": [],
    "_active": true,
    "_components": [
      {
        "__id__": 2
      },
      {
        "__id__": 4
      }
    ],
    "_prefab": {
      "__id__": 6
    },
    "_lpos": {
      "__type__": "cc.Vec3",
      "x": 0,
      "y": 0,
      "z": 0
    },
    "_lrot": {
      "__type__": "cc.Quat",
      "x": 0,
      "y": 0,
      "z": 0,
      "w": 1
    },
    "_lscale": {
      "__type__": "cc.Vec3",
      "x": 1,
      "y": 1,
      "z": 1
    },
    "_layer": 1073741824,
    "_euler": {
      "__type__": "cc.Vec3",
      "x": 0,
      "y": 0,
      "z": 0
    },
    "_id": ""
  },
  {
    "__type__": "cc.UITransform",
    "_name": "",
    "_objFlags": 0,
    "node": {
      "__id__": 1
    },
    "_enabled": true,
    "__prefab": {
      "__id__": 3
    },
    "_priority": 0,
    "_contentSize": {
      "__type__": "cc.Size",
      "width": 960,
      "height": 640
    },
    "_anchorPoint": {
      "__type__": "cc.Vec2",
      "x": 0.5,
      "y": 0.5
    },
    "_id": ""
  },
  {
    "__type__": "cc.CompPrefabInfo ",
    "fileId": "84IWCQmzxOwqmg8nEmFTNt"
  },
  {
    "__type__": "cc.VideoPlayer",
    "_name": "",
    "_objFlags": 0,
    "node": {
      "__id__": 1
    },
    "_enabled": true,
    "__prefab": {
      "__id__": 5
    },
    "_resourceType": 1,
    "_remoteURL": "",
    "_clip": {
      "__uuid__": "2be36297-9abb-4fee-8049-9ed5e271da8a"
    },
    "_playOnAwake": true,
    "_volume": 1,
    "_mute": false,
    "_playbackRate": 1,
    "_loop": false,
    "_fullScreenOnAwake": false,
    "_stayOnBottom": false,
    "_keepAspectRatio": true,
    "videoPlayerEvent": [],
    "_id": ""
  },
  {
    "__type__": "cc.CompPrefabInfo ",
    "fileId": "4ef/bMt1pLt5NzRNACjJwQ"
  },
  {
    "__type__": "cc.PrefabInfo",
    "root": {
      "__id__": 1
    },
    "asset": {
      "__id__": 0
    },
    "fileId": "88MH35CSlBl5HUFQvHLFlY",
    "sync": false,
    "_synced": {
      "default": false,
      "serializable": false
    }
  }
]