{
  "__type__": "cc.EffectAsset",
  "_name": "builtin-spine-two-colored",
  "_objFlags": 0,
  "_native": "",
  "techniques": [
    {
      "passes": [
        {
          "blendState": {
            "targets": [
              {
                "blend": true,
                "blendSrc": 2,
                "blendDst": 4,
                "blendDstAlpha": 4
              }
            ]
          },
          "rasterizerState": {
            "cullMode": 0
          },
          "program": "builtin-spine-two-colored|sprite-vs:vert|sprite-fs:frag",
          "depthStencilState": {
            "depthTest": false,
            "depthWrite": false
          },
          "properties": {
            "alphaThreshold": {
              "value": [
                0.5
              ],
              "type": 13
            }
          }
        }
      ]
    }
  ],
  "shaders": [
    {
      "hash": 3853945046,
      "glsl4": {
        "vert": "\nprecision highp float;\nlayout(set = 0, binding = 0) uniform CCGlobal {\n  highp   vec4 cc_time;\n  mediump vec4 cc_screenSize;\n  mediump vec4 cc_screenScale;\n  mediump vec4 cc_nativeSize;\n  highp   mat4 cc_matView;\n  highp   mat4 cc_matViewInv;\n  highp   mat4 cc_matProj;\n  highp   mat4 cc_matProjInv;\n  highp   mat4 cc_matViewProj;\n  highp   mat4 cc_matViewProjInv;\n  highp   vec4 cc_cameraPos;\n  mediump vec4 cc_exposure;\n  mediump vec4 cc_mainLitDir;\n  mediump vec4 cc_mainLitColor;\n  mediump vec4 cc_ambientSky;\n  mediump vec4 cc_ambientGround;\n  mediump vec4 cc_fogColor;\n  mediump vec4 cc_fogBase;\n  mediump vec4 cc_fogAdd;\n};\n#if USE_LOCAL\nlayout(set = 2, binding = 0) uniform CCLocal {\n  highp mat4 cc_matWorld;\n  highp mat4 cc_matWorldIT;\n  highp vec4 cc_lightingMapUVParam;\n};\n#endif\nlayout(location = 0) in vec3 a_position;\nlayout(location = 1) in vec2 a_texCoord;\nlayout(location = 2) in vec4 a_color;\nlayout(location = 3) in vec4 a_color2;\nlayout(location = 0) out vec4 v_light;\nlayout(location = 1) out vec4 v_dark;\nlayout(location = 2) out vec2 uv0;\nvec4 vert () {\n  vec4 pos = vec4(a_position, 1);\n  #if USE_LOCAL\n    pos = cc_matWorld * pos;\n  #endif\n  #if USE_PIXEL_ALIGNMENT\n    pos = cc_matView * pos;\n    pos.xyz = floor(pos.xyz);\n    pos = cc_matProj * pos;\n  #else\n    pos = cc_matViewProj * pos;\n  #endif\n  uv0 = a_texCoord;\n  v_light = a_color;\n  v_dark = a_color2;\n  return pos;\n}\nvoid main() { gl_Position = vert(); }",
        "frag": "\nprecision highp float;\nvec4 CCSampleTexture(sampler2D tex, vec2 uv) {\n#if CC_USE_EMBEDDED_ALPHA\n    return vec4(texture(tex, uv).rgb, texture(tex, uv + vec2(0.0, 0.5)).r);\n#else\n    return texture(tex, uv);\n#endif\n}\n#if USE_ALPHA_TEST\n  layout(set = 1, binding = 0) uniform ALPHA_TEST_DATA {\n    float alphaThreshold;\n  };\n#endif\nvoid ALPHA_TEST (in vec4 color) {\n  #if USE_ALPHA_TEST\n      if (color.a < alphaThreshold) discard;\n  #endif\n}\nvoid ALPHA_TEST (in float alpha) {\n  #if USE_ALPHA_TEST\n      if (alpha < alphaThreshold) discard;\n  #endif\n}\nlayout(location = 0) in vec4 v_light;\nlayout(location = 1) in vec4 v_dark;\n#if USE_TEXTURE\n  layout(location = 2) in vec2 uv0;\n  layout(set = 2, binding = 10) uniform sampler2D cc_spriteTexture;\n#endif\nvec4 frag () {\n  vec4 texColor = vec4(1, 1, 1, 1);\n  vec4 o;\n  #if USE_TEXTURE\n    texColor *= CCSampleTexture(cc_spriteTexture, uv0);\n    #if IS_GRAY\n      float gray  = 0.2126 * o.r + 0.7152 * o.g + 0.0722 * o.b;\n      o.r = o.g = o.b = gray;\n    #endif\n  #endif\n   o.a = texColor.a * v_light.a;\n  o.rgb = ((texColor.a - 1.0) * v_dark.a + 1.0 - texColor.rgb) * v_dark.rgb + texColor.rgb * v_light.rgb;\n  ALPHA_TEST(o);\n  return o;\n}\nlayout(location = 0) out vec4 cc_FragColor;\nvoid main() { cc_FragColor = frag(); }"
      },
      "glsl3": {
        "vert": "\nprecision highp float;\nlayout(std140) uniform CCGlobal {\n  highp   vec4 cc_time;\n  mediump vec4 cc_screenSize;\n  mediump vec4 cc_screenScale;\n  mediump vec4 cc_nativeSize;\n  highp   mat4 cc_matView;\n  highp   mat4 cc_matViewInv;\n  highp   mat4 cc_matProj;\n  highp   mat4 cc_matProjInv;\n  highp   mat4 cc_matViewProj;\n  highp   mat4 cc_matViewProjInv;\n  highp   vec4 cc_cameraPos;\n  mediump vec4 cc_exposure;\n  mediump vec4 cc_mainLitDir;\n  mediump vec4 cc_mainLitColor;\n  mediump vec4 cc_ambientSky;\n  mediump vec4 cc_ambientGround;\n  mediump vec4 cc_fogColor;\n  mediump vec4 cc_fogBase;\n  mediump vec4 cc_fogAdd;\n};\n#if USE_LOCAL\nlayout(std140) uniform CCLocal {\n  highp mat4 cc_matWorld;\n  highp mat4 cc_matWorldIT;\n  highp vec4 cc_lightingMapUVParam;\n};\n#endif\nin vec3 a_position;\nin vec2 a_texCoord;\nin vec4 a_color;\nin vec4 a_color2;\nout vec4 v_light;\nout vec4 v_dark;\nout vec2 uv0;\nvec4 vert () {\n  vec4 pos = vec4(a_position, 1);\n  #if USE_LOCAL\n    pos = cc_matWorld * pos;\n  #endif\n  #if USE_PIXEL_ALIGNMENT\n    pos = cc_matView * pos;\n    pos.xyz = floor(pos.xyz);\n    pos = cc_matProj * pos;\n  #else\n    pos = cc_matViewProj * pos;\n  #endif\n  uv0 = a_texCoord;\n  v_light = a_color;\n  v_dark = a_color2;\n  return pos;\n}\nvoid main() { gl_Position = vert(); }",
        "frag": "\nprecision highp float;\nvec4 CCSampleTexture(sampler2D tex, vec2 uv) {\n#if CC_USE_EMBEDDED_ALPHA\n    return vec4(texture(tex, uv).rgb, texture(tex, uv + vec2(0.0, 0.5)).r);\n#else\n    return texture(tex, uv);\n#endif\n}\n#if USE_ALPHA_TEST\n  layout(std140) uniform ALPHA_TEST_DATA {\n    float alphaThreshold;\n  };\n#endif\nvoid ALPHA_TEST (in vec4 color) {\n  #if USE_ALPHA_TEST\n      if (color.a < alphaThreshold) discard;\n  #endif\n}\nvoid ALPHA_TEST (in float alpha) {\n  #if USE_ALPHA_TEST\n      if (alpha < alphaThreshold) discard;\n  #endif\n}\nin vec4 v_light;\nin vec4 v_dark;\n#if USE_TEXTURE\n  in vec2 uv0;\n  uniform sampler2D cc_spriteTexture;\n#endif\nvec4 frag () {\n  vec4 texColor = vec4(1, 1, 1, 1);\n  vec4 o;\n  #if USE_TEXTURE\n    texColor *= CCSampleTexture(cc_spriteTexture, uv0);\n    #if IS_GRAY\n      float gray  = 0.2126 * o.r + 0.7152 * o.g + 0.0722 * o.b;\n      o.r = o.g = o.b = gray;\n    #endif\n  #endif\n   o.a = texColor.a * v_light.a;\n  o.rgb = ((texColor.a - 1.0) * v_dark.a + 1.0 - texColor.rgb) * v_dark.rgb + texColor.rgb * v_light.rgb;\n  ALPHA_TEST(o);\n  return o;\n}\nlayout(location = 0) out vec4 cc_FragColor;\nvoid main() { cc_FragColor = frag(); }"
      },
      "glsl1": {
        "vert": "\nprecision highp float;\nuniform highp mat4 cc_matView;\nuniform highp mat4 cc_matProj;\nuniform highp mat4 cc_matViewProj;\n#if USE_LOCAL\nuniform highp mat4 cc_matWorld;\n#endif\nattribute vec3 a_position;\nattribute vec2 a_texCoord;\nattribute vec4 a_color;\nattribute vec4 a_color2;\nvarying vec4 v_light;\nvarying vec4 v_dark;\nvarying vec2 uv0;\nvec4 vert () {\n  vec4 pos = vec4(a_position, 1);\n  #if USE_LOCAL\n    pos = cc_matWorld * pos;\n  #endif\n  #if USE_PIXEL_ALIGNMENT\n    pos = cc_matView * pos;\n    pos.xyz = floor(pos.xyz);\n    pos = cc_matProj * pos;\n  #else\n    pos = cc_matViewProj * pos;\n  #endif\n  uv0 = a_texCoord;\n  v_light = a_color;\n  v_dark = a_color2;\n  return pos;\n}\nvoid main() { gl_Position = vert(); }",
        "frag": "\nprecision highp float;\nvec4 CCSampleTexture(sampler2D tex, vec2 uv) {\n#if CC_USE_EMBEDDED_ALPHA\n    return vec4(texture2D(tex, uv).rgb, texture2D(tex, uv + vec2(0.0, 0.5)).r);\n#else\n    return texture2D(tex, uv);\n#endif\n}\n#if USE_ALPHA_TEST\n  uniform float alphaThreshold;\n#endif\nvoid ALPHA_TEST (in vec4 color) {\n  #if USE_ALPHA_TEST\n      if (color.a < alphaThreshold) discard;\n  #endif\n}\nvoid ALPHA_TEST (in float alpha) {\n  #if USE_ALPHA_TEST\n      if (alpha < alphaThreshold) discard;\n  #endif\n}\nvarying vec4 v_light;\nvarying vec4 v_dark;\n#if USE_TEXTURE\n  varying vec2 uv0;\n  uniform sampler2D cc_spriteTexture;\n#endif\nvec4 frag () {\n  vec4 texColor = vec4(1, 1, 1, 1);\n  vec4 o;\n  #if USE_TEXTURE\n    texColor *= CCSampleTexture(cc_spriteTexture, uv0);\n    #if IS_GRAY\n      float gray  = 0.2126 * o.r + 0.7152 * o.g + 0.0722 * o.b;\n      o.r = o.g = o.b = gray;\n    #endif\n  #endif\n   o.a = texColor.a * v_light.a;\n  o.rgb = ((texColor.a - 1.0) * v_dark.a + 1.0 - texColor.rgb) * v_dark.rgb + texColor.rgb * v_light.rgb;\n  ALPHA_TEST(o);\n  return o;\n}\nvoid main() { gl_FragColor = frag(); }"
      },
      "builtins": {
        "globals": {
          "blocks": [
            {
              "name": "CCGlobal",
              "defines": []
            }
          ],
          "samplers": []
        },
        "locals": {
          "blocks": [
            {
              "name": "CCLocal",
              "defines": [
                "USE_LOCAL"
              ]
            }
          ],
          "samplers": [
            {
              "name": "cc_spriteTexture",
              "defines": [
                "USE_TEXTURE"
              ]
            }
          ]
        }
      },
      "defines": [
        {
          "name": "USE_LOCAL",
          "type": "boolean",
          "defines": []
        },
        {
          "name": "USE_PIXEL_ALIGNMENT",
          "type": "boolean",
          "defines": []
        },
        {
          "name": "CC_USE_EMBEDDED_ALPHA",
          "type": "boolean",
          "defines": []
        },
        {
          "name": "USE_ALPHA_TEST",
          "type": "boolean",
          "defines": []
        },
        {
          "name": "USE_TEXTURE",
          "type": "boolean",
          "defines": []
        },
        {
          "name": "IS_GRAY",
          "type": "boolean",
          "defines": [
            "USE_TEXTURE"
          ]
        }
      ],
      "blocks": [
        {
          "name": "ALPHA_TEST_DATA",
          "members": [
            {
              "name": "alphaThreshold",
              "type": 13,
              "count": 1
            }
          ],
          "defines": [
            "USE_ALPHA_TEST"
          ],
          "stageFlags": 16,
          "binding": 0
        }
      ],
      "samplers": [],
      "attributes": [
        {
          "name": "a_position",
          "type": 15,
          "count": 1,
          "defines": [],
          "stageFlags": 1,
          "format": 32,
          "location": 0
        },
        {
          "name": "a_texCoord",
          "type": 14,
          "count": 1,
          "defines": [],
          "stageFlags": 1,
          "format": 21,
          "location": 1
        },
        {
          "name": "a_color",
          "type": 16,
          "count": 1,
          "defines": [],
          "stageFlags": 1,
          "format": 44,
          "location": 2
        },
        {
          "name": "a_color2",
          "type": 16,
          "count": 1,
          "defines": [],
          "stageFlags": 1,
          "format": 44,
          "location": 3
        }
      ],
      "varyings": [
        {
          "name": "v_light",
          "type": 16,
          "count": 1,
          "defines": [],
          "stageFlags": 1,
          "location": 0
        },
        {
          "name": "v_dark",
          "type": 16,
          "count": 1,
          "defines": [],
          "stageFlags": 1,
          "location": 1
        },
        {
          "name": "uv0",
          "type": 14,
          "count": 1,
          "defines": [],
          "stageFlags": 1,
          "location": 2
        }
      ],
      "name": "builtin-spine-two-colored|sprite-vs:vert|sprite-fs:frag"
    }
  ],
  "combinations": [
    {
      "USE_LOCAL": [
        false
      ],
      "USE_PIXEL_ALIGNMENT": [
        false
      ],
      "USE_ALPHA_TEST": [
        false
      ],
      "USE_TEXTURE": [
        true
      ],
      "IS_GRAY": [
        false
      ]
    }
  ],
  "hideInEditor": false
}