[
  {
    "__type__": "cc.Prefab",
    "_name": "",
    "_objFlags": 0,
    "_native": "",
    "data": {
      "__id__": 1
    },
    "optimizationPolicy": 0,
    "asyncLoadAssets": false
  },
  {
    "__type__": "cc.Node",
    "_name": "RichText",
    "_objFlags": 0,
    "_parent": null,
    "_children": [
      {
        "__id__": 2
      },
      {
        "__id__": 8
      }
    ],
    "_active": true,
    "_components": [
      {
        "__id__": 14
      },
      {
        "__id__": 16
      }
    ],
    "_prefab": {
      "__id__": 18
    },
    "_lpos": {
      "__type__": "cc.Vec3",
      "x": 0,
      "y": 0,
      "z": 0
    },
    "_lrot": {
      "__type__": "cc.Quat",
      "x": 0,
      "y": 0,
      "z": 0,
      "w": 1
    },
    "_lscale": {
      "__type__": "cc.Vec3",
      "x": 1,
      "y": 1,
      "z": 1
    },
    "_layer": 1073741824,
    "_euler": {
      "__type__": "cc.Vec3",
      "x": 0,
      "y": 0,
      "z": 0
    },
    "_id": ""
  },
  {
    "__type__": "cc.PrivateNode",
    "_name": "RICHTEXT_CHILD",
    "_objFlags": 1024,
    "_parent": {
      "__id__": 1
    },
    "_children": [],
    "_active": true,
    "_components": [
      {
        "__id__": 3
      },
      {
        "__id__": 5
      }
    ],
    "_prefab": {
      "__id__": 7
    },
    "_lpos": {
      "__type__": "cc.Vec3",
      "x": -76.69,
      "y": -25.2,
      "z": 0
    },
    "_lrot": {
      "__type__": "cc.Quat",
      "x": 0,
      "y": 0,
      "z": 0,
      "w": 1
    },
    "_lscale": {
      "__type__": "cc.Vec3",
      "x": 1,
      "y": 1,
      "z": 1
    },
    "_layer": 1073741824,
    "_euler": {
      "__type__": "cc.Vec3",
      "x": 0,
      "y": 0,
      "z": 0
    },
    "_id": "6csmVlB7RJMbzgr0ruy/Rz"
  },
  {
    "__type__": "cc.UITransform",
    "_name": "",
    "_objFlags": 0,
    "node": {
      "__id__": 2
    },
    "_enabled": true,
    "__prefab": {
      "__id__": 4
    },
    "_priority": 0,
    "_contentSize": {
      "__type__": "cc.Size",
      "width": 80.02,
      "height": 50.4
    },
    "_anchorPoint": {
      "__type__": "cc.Vec2",
      "x": 0,
      "y": 0
    },
    "_id": "6e4/YFEbFHzZBehWqOktUl"
  },
  {
    "__type__": "cc.CompPrefabInfo ",
    "fileId": "2e5gEZK7JEv6t/lN+cudVF"
  },
  {
    "__type__": "cc.Label",
    "_name": "",
    "_objFlags": 0,
    "node": {
      "__id__": 2
    },
    "_enabled": true,
    "__prefab": {
      "__id__": 6
    },
    "_visFlags": 0,
    "_customMaterial": null,
    "_srcBlendFactor": 2,
    "_dstBlendFactor": 4,
    "_color": {
      "__type__": "cc.Color",
      "r": 0,
      "g": 255,
      "b": 0,
      "a": 255
    },
    "_useOriginalSize": true,
    "_string": "Rich",
    "_horizontalAlign": 0,
    "_verticalAlign": 0,
    "_actualFontSize": 40,
    "_fontSize": 40,
    "_fontFamily": "Arial",
    "_lineHeight": 40,
    "_overflow": 0,
    "_enableWrapText": true,
    "_font": null,
    "_isSystemFontUsed": true,
    "_isItalic": false,
    "_isBold": false,
    "_isUnderline": false,
    "_underlineHeight": 2,
    "_cacheMode": 0,
    "_id": "7aViHQO/JMT5W88a+35F5h"
  },
  {
    "__type__": "cc.CompPrefabInfo ",
    "fileId": "b58BtkmEREfLcahhaxkiSf"
  },
  {
    "__type__": "cc.PrefabInfo",
    "root": {
      "__id__": 1
    },
    "asset": {
      "__id__": 0
    },
    "fileId": "65qTwtkgJOrInNSCqrNs+f",
    "sync": false,
    "_synced": {
      "default": false,
      "serializable": false
    }
  },
  {
    "__type__": "cc.PrivateNode",
    "_name": "RICHTEXT_CHILD",
    "_objFlags": 1024,
    "_parent": {
      "__id__": 1
    },
    "_children": [],
    "_active": true,
    "_components": [
      {
        "__id__": 9
      },
      {
        "__id__": 11
      }
    ],
    "_prefab": {
      "__id__": 13
    },
    "_lpos": {
      "__type__": "cc.Vec3",
      "x": 3.3299999999999983,
      "y": -25.2,
      "z": 0
    },
    "_lrot": {
      "__type__": "cc.Quat",
      "x": 0,
      "y": 0,
      "z": 0,
      "w": 1
    },
    "_lscale": {
      "__type__": "cc.Vec3",
      "x": 1,
      "y": 1,
      "z": 1
    },
    "_layer": 1073741824,
    "_euler": {
      "__type__": "cc.Vec3",
      "x": 0,
      "y": 0,
      "z": 0
    },
    "_id": "dbCqT+089FV6hPqc4qyqkx"
  },
  {
    "__type__": "cc.UITransform",
    "_name": "",
    "_objFlags": 0,
    "node": {
      "__id__": 8
    },
    "_enabled": true,
    "__prefab": {
      "__id__": 10
    },
    "_priority": 0,
    "_contentSize": {
      "__type__": "cc.Size",
      "width": 73.36,
      "height": 50.4
    },
    "_anchorPoint": {
      "__type__": "cc.Vec2",
      "x": 0,
      "y": 0
    },
    "_id": "63Udn/+qJJGZgy9VR1u6JL"
  },
  {
    "__type__": "cc.CompPrefabInfo ",
    "fileId": "8fB1K+zqFDm6KLLi/2Tbxt"
  },
  {
    "__type__": "cc.Label",
    "_name": "",
    "_objFlags": 0,
    "node": {
      "__id__": 8
    },
    "_enabled": true,
    "__prefab": {
      "__id__": 12
    },
    "_visFlags": 0,
    "_customMaterial": null,
    "_srcBlendFactor": 2,
    "_dstBlendFactor": 4,
    "_color": {
      "__type__": "cc.Color",
      "r": 15,
      "g": 255,
      "b": 255,
      "a": 255
    },
    "_useOriginalSize": true,
    "_string": "Text",
    "_horizontalAlign": 0,
    "_verticalAlign": 0,
    "_actualFontSize": 40,
    "_fontSize": 40,
    "_fontFamily": "Arial",
    "_lineHeight": 40,
    "_overflow": 0,
    "_enableWrapText": true,
    "_font": null,
    "_isSystemFontUsed": true,
    "_isItalic": false,
    "_isBold": false,
    "_isUnderline": false,
    "_underlineHeight": 2,
    "_cacheMode": 0,
    "_id": "bdTdPOjbRBFK1zYN9pkSl1"
  },
  {
    "__type__": "cc.CompPrefabInfo ",
    "fileId": "08TnEzpqFCOK/MDNdWrYro"
  },
  {
    "__type__": "cc.PrefabInfo",
    "root": {
      "__id__": 1
    },
    "asset": {
      "__id__": 0
    },
    "fileId": "3eOynnfhFIULJmtJFVqoI6",
    "sync": false,
    "_synced": {
      "default": false,
      "serializable": false
    }
  },
  {
    "__type__": "cc.UITransform",
    "_name": "",
    "_objFlags": 0,
    "node": {
      "__id__": 1
    },
    "_enabled": true,
    "__prefab": {
      "__id__": 15
    },
    "_priority": 0,
    "_contentSize": {
      "__type__": "cc.Size",
      "width": 153.38,
      "height": 50.4
    },
    "_anchorPoint": {
      "__type__": "cc.Vec2",
      "x": 0.5,
      "y": 0.5
    },
    "_id": ""
  },
  {
    "__type__": "cc.CompPrefabInfo ",
    "fileId": "78TiFTq9pPVbHywzr3HwuF"
  },
  {
    "__type__": "cc.RichText",
    "_name": "",
    "_objFlags": 0,
    "node": {
      "__id__": 1
    },
    "_enabled": true,
    "__prefab": {
      "__id__": 17
    },
    "_lineHeight": 40,
    "_string": "<color=#00ff00>Rich</color><color=#0fffff>Text</color>",
    "_horizontalAlign": 0,
    "_fontSize": 40,
    "_maxWidth": 0,
    "_fontFamily": "Arial",
    "_font": null,
    "_isSystemFontUsed": true,
    "_userDefinedFont": null,
    "_cacheMode": 0,
    "_imageAtlas": null,
    "_handleTouchEvent": true,
    "_id": ""
  },
  {
    "__type__": "cc.CompPrefabInfo ",
    "fileId": "95NxRt8ExMwbEuH92a6KWX"
  },
  {
    "__type__": "cc.PrefabInfo",
    "root": {
      "__id__": 1
    },
    "asset": {
      "__id__": 0
    },
    "fileId": "ddu3l1uz1AJ7G5NFjjOoPp",
    "sync": false,
    "_synced": {
      "default": false,
      "serializable": false
    }
  }
]