[
  {
    "__type__": "cc.Prefab",
    "_name": "",
    "_objFlags": 0,
    "_native": "",
    "data": {
      "__id__": 1
    },
    "optimizationPolicy": 0,
    "asyncLoadAssets": false
  },
  {
    "__type__": "cc.Node",
    "_name": "ParticleSystem2D",
    "_objFlags": 0,
    "_parent": null,
    "_children": [],
    "_active": true,
    "_components": [
      {
        "__id__": 2
      },
      {
        "__id__": 3
      }
    ],
    "_prefab": {
      "__id__": 4
    },
    "_lpos": {
      "__type__": "cc.Vec3",
      "x": -480,
      "y": -320,
      "z": -1
    },
    "_lrot": {
      "__type__": "cc.Quat",
      "x": 0,
      "y": 0,
      "z": 0,
      "w": 1
    },
    "_lscale": {
      "__type__": "cc.Vec3",
      "x": 1,
      "y": 1,
      "z": 1
    },
    "_layer": 1073741824,
    "_euler": {
      "__type__": "cc.Vec3",
      "x": 0,
      "y": 0,
      "z": 0
    },
    "_id": ""
  },
  {
    "__type__": "cc.UITransform",
    "_name": "",
    "_objFlags": 0,
    "node": {
      "__id__": 1
    },
    "_enabled": true,
    "__prefab": null,
    "_priority": 0,
    "_contentSize": {
      "__type__": "cc.Size",
      "width": 100,
      "height": 100
    },
    "_anchorPoint": {
      "__type__": "cc.Vec2",
      "x": 0.5,
      "y": 0.5
    },
    "_id": ""
  },
  {
    "__type__": "cc.ParticleSystem2D",
    "_name": "Node<ParticleSystem2D>",
    "_objFlags": 0,
    "node": {
      "__id__": 1
    },
    "_enabled": true,
    "__prefab": null,
    "_visFlags": 0,
    "_customMaterial": null,
    "_srcBlendFactor": 2,
    "_dstBlendFactor": 1,
    "_color": {
      "__type__": "cc.Color",
      "r": 255,
      "g": 255,
      "b": 255,
      "a": 255
    },
    "preview": true,
    "_custom": false,
    "_file": {
      "__uuid__": "86f25d5c-9de5-454f-a5f9-ee16603e6701"
    },
    "_spriteFrame": {
      "__uuid__": "24c419ea-63a8-4ea1-a9d0-7fc469489bbc@f9941"
    },
    "_texture": null,
    "playOnLoad": true,
    "autoRemoveOnFinish": false,
    "_totalParticles": 200,
    "duration": -1,
    "emissionRate": 999.999985098839,
    "life": 0.20000000298023224,
    "lifeVar": 0.5,
    "_startColor": {
      "__type__": "cc.Color",
      "r": 202,
      "g": 200,
      "b": 86,
      "a": 163
    },
    "_startColorVar": {
      "__type__": "cc.Color",
      "r": 229,
      "g": 255,
      "b": 173,
      "a": 198
    },
    "_endColor": {
      "__type__": "cc.Color",
      "r": 173,
      "g": 161,
      "b": 19,
      "a": 214
    },
    "_endColorVar": {
      "__type__": "cc.Color",
      "r": 107,
      "g": 249,
      "b": 249,
      "a": 188
    },
    "angle": 360,
    "angleVar": 360,
    "startSize": 3.369999885559082,
    "startSizeVar": 50,
    "endSize": 30.31999969482422,
    "endSizeVar": 0,
    "startSpin": -47.369998931884766,
    "startSpinVar": 0,
    "endSpin": -47.369998931884766,
    "endSpinVar": -142.11000061035156,
    "sourcePos": {
      "__type__": "cc.Vec2",
      "x": 0,
      "y": 0
    },
    "posVar": {
      "__type__": "cc.Vec2",
      "x": 7,
      "y": 7
    },
    "_positionType": 0,
    "emitterMode": 0,
    "gravity": {
      "__type__": "cc.Vec2",
      "x": 0.25,
      "y": 0.8600000143051147
    },
    "speed": 0,
    "speedVar": 190.7899932861328,
    "tangentialAccel": -92.11000061035156,
    "tangentialAccelVar": 65.79000091552734,
    "radialAccel": -671.0499877929688,
    "radialAccelVar": 65.79000091552734,
    "rotationIsDir": false,
    "startRadius": 100,
    "startRadiusVar": 0,
    "endRadius": 0,
    "endRadiusVar": 0,
    "rotatePerS": 0,
    "rotatePerSVar": 0,
    "_id": ""
  },
  {
    "__type__": "cc.PrefabInfo",
    "root": {
      "__id__": 1
    },
    "asset": {
      "__id__": 0
    },
    "fileId": "366F5dFQ5Mrpf1fc4rgmf8",
    "sync": false,
    "_synced": {
      "default": false,
      "serializable": false
    }
  }
]